City_ID,City,Country,Date,Lat,Lng,Max Temp,Humidity,Cloudiness,Wind Speed
0,Korla,CN,2022-07-28 23:40:43,41.7597,86.1469,87.39,23,100,16.78
1,Minas,UY,2022-07-28 23:40:44,-34.3759,-55.2377,49.05,72,98,17.4
2,Yakeshi,CN,2022-07-28 23:40:44,49.2833,120.7333,68.27,74,86,2.24
3,Albany,US,2022-07-28 23:40:29,42.6001,-73.9662,81.34,68,74,3.0
4,Severo-Kurilsk,RU,2022-07-28 23:38:59,50.6789,156.125,55.45,87,86,9.04
5,Nikolskoye,RU,2022-07-28 23:40:46,59.7035,30.7861,58.8,89,91,3.74
6,Kyren,RU,2022-07-28 23:40:46,51.6828,102.1408,58.59,82,46,1.52
7,Xuanhua,CN,2022-07-28 23:40:47,40.6103,115.0447,73.65,74,3,3.29
8,Dikson,RU,2022-07-28 23:40:47,73.5069,80.5464,43.84,100,100,16.89
9,Flinders,AU,2022-07-28 23:40:48,-34.5833,150.8552,55.18,62,34,8.01
10,Mar Del Plata,AR,2022-07-28 23:40:48,-38.0023,-57.5575,48.22,96,100,15.01
11,Hithadhoo,MV,2022-07-28 23:40:49,-0.6,73.0833,81.79,74,95,13.51
12,Moose Factory,CA,2022-07-28 23:40:49,51.2585,-80.6094,64.4,94,0,8.05
13,Svetlogorsk,BY,2022-07-28 23:40:50,52.6333,29.7333,54.45,88,75,6.22
14,Stalpu,RO,2022-07-28 23:40:50,45.0833,26.7167,69.08,75,82,4.56
15,Bluff,NZ,2022-07-28 23:40:51,-46.6,168.3333,47.8,79,88,14.88
16,Bredasdorp,ZA,2022-07-28 23:36:04,-34.5322,20.0403,55.17,69,0,15.5
17,Ozernovskiy,RU,2022-07-28 23:40:52,51.5,156.5167,53.87,98,100,8.52
18,Capoterra,IT,2022-07-28 23:40:52,39.1763,8.9718,78.53,71,0,6.91
19,Aklavik,CA,2022-07-28 23:40:53,68.2191,-135.0107,55.4,76,75,3.44
20,Tura,IN,2022-07-28 23:40:53,25.5198,90.2201,74.16,93,54,2.51
21,Norman Wells,CA,2022-07-28 23:39:11,65.282,-126.8329,68.04,42,75,5.75
22,Busselton,AU,2022-07-28 23:40:54,-33.65,115.3333,57.76,68,87,15.14
23,Bambous Virieux,MU,2022-07-28 23:40:55,-20.3428,57.7575,70.21,88,40,8.05
24,Cherskiy,RU,2022-07-28 23:36:37,68.75,161.3,60.85,37,6,4.05
25,Yokadouma,CM,2022-07-28 23:40:56,3.5167,15.05,67.73,98,100,2.21
26,Anadyr,RU,2022-07-28 23:40:57,64.75,177.4833,54.1,76,40,15.66
27,Salinopolis,BR,2022-07-28 23:37:03,-0.6136,-47.3561,79.3,80,49,10.63
28,Airai,TL,2022-07-28 23:40:57,-8.9266,125.4092,61.77,52,88,4.23
29,Poso,ID,2022-07-28 23:40:58,-1.3959,120.7524,80.76,74,60,5.55
30,Chokurdakh,RU,2022-07-28 23:40:58,70.6333,147.9167,57.02,34,100,13.82
31,Castanos,MX,2022-07-28 23:40:59,26.7833,-101.4167,92.01,31,66,17.47
32,Ushuaia,AR,2022-07-28 23:41:00,-54.8,-68.3,40.66,81,40,18.41
33,Butaritari,KI,2022-07-28 23:41:00,3.0707,172.7902,81.86,72,57,15.75
34,Nalut,LY,2022-07-28 23:41:00,30.3333,10.85,87.1,20,54,12.97
35,Los Llanos De Aridane,ES,2022-07-28 23:41:01,28.6585,-17.9182,69.55,92,75,18.41
36,Saint George,US,2022-07-28 23:36:11,37.1041,-113.5841,99.25,29,0,12.66
37,Atuona,PF,2022-07-28 23:41:02,-9.8,-139.0333,76.35,79,34,23.94
38,Callaway,US,2022-07-28 23:41:02,30.153,-85.5699,86.99,76,0,11.5
39,Tautira,PF,2022-07-28 23:41:03,-17.7333,-149.15,77.25,78,23,22.15
40,Teguise,ES,2022-07-28 23:41:03,29.0605,-13.564,71.82,69,75,23.02
41,Hobart,AU,2022-07-28 23:40:21,-42.8794,147.3294,47.05,70,40,10.36
42,Yamada,JP,2022-07-28 23:41:04,39.4667,141.95,78.84,79,29,4.47
43,Bethel,US,2022-07-28 23:41:05,41.3712,-73.414,84.29,74,20,13.8
44,New Norfolk,AU,2022-07-28 23:42:05,-42.7826,147.0587,46.71,68,17,5.14
45,Sitka,US,2022-07-28 23:42:06,57.0531,-135.33,57.09,94,100,6.91
46,Punta Arenas,CL,2022-07-28 23:42:06,-53.15,-70.9167,39.31,87,40,23.02
47,Puerto Ayora,EC,2022-07-28 23:42:07,-0.7393,-90.3518,71.55,91,75,7.0
48,Sisimiut,GL,2022-07-28 23:42:08,66.9395,-53.6735,44.24,76,100,3.67
49,San Miguel,SV,2022-07-28 23:38:48,13.4833,-88.1833,87.4,66,20,2.3
50,East London,ZA,2022-07-28 23:42:08,-33.0153,27.9116,69.58,55,18,16.73
51,Roald,NO,2022-07-28 23:42:09,62.5833,6.1333,57.76,87,0,10.36
52,Cape Town,ZA,2022-07-28 23:39:39,-33.9258,18.4232,58.26,82,75,17.27
53,Mataura,NZ,2022-07-28 23:42:10,-46.1927,168.8643,47.48,87,85,3.62
54,Kapaa,US,2022-07-28 23:42:10,22.0752,-159.319,84.18,69,100,8.05
55,Cedar City,US,2022-07-28 23:40:01,37.6775,-113.0619,67.17,77,100,23.02
56,Mapiri,BO,2022-07-28 23:42:11,-15.25,-68.1667,69.85,72,36,0.58
57,San Patricio,US,2022-07-28 23:42:12,28.017,-97.5169,93.29,59,83,18.23
58,Sadiqabad,PK,2022-07-28 23:42:12,28.3062,70.1307,84.15,72,99,12.71
59,Urengoy,RU,2022-07-28 23:42:13,65.9667,78.3667,58.96,86,22,6.08
60,Saldanha,ZA,2022-07-28 23:42:14,-33.0117,17.9442,57.25,81,59,18.32
61,Jamestown,US,2022-07-28 23:42:14,42.097,-79.2353,78.39,46,0,18.41
62,Ozark,US,2022-07-28 23:42:15,37.0209,-93.206,89.46,59,95,7.18
63,Springdale,US,2022-07-28 23:39:10,36.1867,-94.1288,91.13,59,0,8.05
64,Tromso,NO,2022-07-28 23:42:16,69.6496,18.957,44.38,93,56,2.3
65,Nanortalik,GL,2022-07-28 23:42:16,60.1432,-45.2371,43.74,88,56,4.5
66,Muros,ES,2022-07-28 23:42:17,42.7762,-9.0603,65.08,85,1,4.56
67,Khatanga,RU,2022-07-28 23:42:17,71.9667,102.5,63.61,65,66,5.03
68,Vanavara,RU,2022-07-28 23:42:18,60.34,102.2797,65.23,93,86,5.06
69,Nabire,ID,2022-07-28 23:42:18,-3.3667,135.4833,79.2,88,77,2.91
70,Barabai,ID,2022-07-28 23:42:19,-2.5833,115.3833,76.15,90,61,0.78
71,Orikum,AL,2022-07-28 23:42:20,40.3253,19.4714,79.32,59,0,6.02
72,Arraial Do Cabo,BR,2022-07-28 23:42:20,-22.9661,-42.0278,73.36,68,0,11.5
73,Rikitea,PF,2022-07-28 23:42:21,-23.1203,-134.9692,73.15,75,57,21.5
74,Hualmay,PE,2022-07-28 23:42:21,-11.0964,-77.6139,61.84,83,23,10.65
75,Cabo San Lucas,MX,2022-07-28 23:42:22,22.8909,-109.9124,92.61,63,25,5.01
76,Palmer,US,2022-07-28 23:42:22,42.1584,-72.3287,81.01,66,73,1.01
77,Bantou,CN,2022-07-28 23:42:23,26.2151,117.4893,81.27,79,79,0.69
78,Yulara,AU,2022-07-28 23:37:48,-25.2406,130.9889,53.91,31,79,12.01
79,Clyde River,CA,2022-07-28 23:42:23,70.4692,-68.5914,37.63,100,100,8.05
80,Yellowknife,CA,2022-07-28 23:42:13,62.456,-114.3525,68.52,52,75,11.5
81,La Rioja,ES,2022-07-28 23:42:24,42.25,-2.5,62.38,74,57,3.89
82,Upernavik,GL,2022-07-28 23:42:25,72.7868,-56.1549,43.2,71,100,6.26
83,Ambilobe,MG,2022-07-28 23:42:25,-13.2,49.05,63.7,87,52,2.82
84,Akdepe,TM,2022-07-28 23:42:26,42.0551,59.3788,80.69,42,17,13.27
85,Berdigestyakh,RU,2022-07-28 23:42:26,62.0989,126.6992,81.32,49,3,6.22
86,Debre Birhan,ET,2022-07-28 23:42:27,9.6833,39.5333,52.88,87,98,2.84
87,Banda Aceh,ID,2022-07-28 23:42:27,5.5577,95.3222,77.67,86,100,11.9
88,Kapuskasing,CA,2022-07-28 23:42:35,49.4169,-82.4331,62.69,82,100,1.14
89,Tiksi,RU,2022-07-28 23:43:28,71.6872,128.8694,51.42,88,95,7.87
90,Tabuk,PH,2022-07-28 23:43:29,17.4189,121.4443,79.59,84,100,1.83
91,Novoorsk,RU,2022-07-28 23:43:29,51.381,58.9813,57.85,83,2,7.38
92,Pevek,RU,2022-07-28 23:43:30,69.7008,170.3133,41.11,75,96,4.5
93,Vaini,TO,2022-07-28 23:43:31,-21.2,-175.2,80.76,83,40,11.5
94,Manokwari,ID,2022-07-28 23:43:31,-0.8667,134.0833,82.38,70,93,3.87
95,Avarua,CK,2022-07-28 23:43:31,-21.2078,-159.775,78.85,73,75,24.16
96,Kavaratti,IN,2022-07-28 23:43:32,10.5669,72.642,81.28,81,100,17.36
97,Fortuna,US,2022-07-28 23:43:33,40.5982,-124.1573,70.93,77,20,13.8
98,Havelock,US,2022-07-28 23:43:33,34.8791,-76.9013,87.78,84,90,10.0
99,Bonavista,CA,2022-07-28 23:43:34,48.6499,-53.1147,53.08,87,83,15.64
100,Thompson,CA,2022-07-28 23:43:34,55.7435,-97.8558,78.96,36,40,2.3
101,Pisco,PE,2022-07-28 23:43:35,-13.7,-76.2167,60.85,82,0,16.11
102,Vila Franca Do Campo,PT,2022-07-28 23:43:35,37.7167,-25.4333,72.01,88,12,3.42
103,Terrace,CA,2022-07-28 23:41:53,54.5163,-128.6035,91.31,23,40,9.22
104,Baran,IN,2022-07-28 23:43:36,25.1,76.5167,79.75,81,100,6.11
105,Visnes,NO,2022-07-28 23:43:37,59.3556,5.2242,55.22,94,10,5.75
106,Mumbwa,ZM,2022-07-28 23:43:38,-14.9783,27.0619,55.2,56,5,4.14
107,Manaus,BR,2022-07-28 23:43:38,-3.1019,-60.025,84.69,65,40,2.3
108,Mogadishu,SO,2022-07-28 23:43:39,2.0371,45.3438,75.78,84,35,16.82
109,Barrow,US,2022-07-28 23:43:39,71.2906,-156.7887,33.82,100,100,16.11
110,Marathon,US,2022-07-28 23:43:40,44.9,-89.7668,72.93,61,75,16.11
111,Luderitz,NA,2022-07-28 23:43:41,-26.6481,15.1594,52.93,87,67,2.77
112,San Antero,CO,2022-07-28 23:43:41,9.3741,-75.7589,77.18,86,100,6.17
113,Pangnirtung,CA,2022-07-28 23:43:42,66.1451,-65.7125,54.3,64,47,4.5
114,Raudeberg,NO,2022-07-28 23:43:42,61.9875,5.1352,54.27,76,67,3.91
115,Port Elizabeth,ZA,2022-07-28 23:43:43,-33.918,25.5701,60.31,79,0,5.75
116,Rock Sound,BS,2022-07-28 23:43:43,24.9,-76.2,81.9,75,4,17.25
117,Playa Vicente,MX,2022-07-28 23:43:44,17.8333,-95.8167,82.29,82,79,1.34
118,Esperance,AU,2022-07-28 23:43:44,-33.8667,121.9,58.64,80,51,14.63
119,Qaanaaq,GL,2022-07-28 23:43:45,77.484,-69.3632,40.5,69,19,3.04
120,Ponta Do Sol,PT,2022-07-28 23:43:45,32.6667,-17.1,74.03,81,1,2.89
121,Cajaruro,PE,2022-07-28 23:43:46,-5.7364,-78.4256,76.82,70,14,3.51
122,Peniche,PT,2022-07-28 23:43:46,39.3558,-9.3811,68.29,89,0,17.38
123,Alugan,PH,2022-07-28 23:43:47,12.2188,125.4808,81.93,84,100,8.25
124,Pagudpud,PH,2022-07-28 23:43:47,18.5616,120.7868,85.23,73,84,0.54
125,Geraldton,AU,2022-07-28 23:43:48,-28.7667,114.6,61.21,88,100,11.5
126,Tarko-Sale,RU,2022-07-28 23:43:48,64.9225,77.785,59.5,79,17,7.18
127,Hofn,IS,2022-07-28 23:43:49,64.2539,-15.2082,51.96,89,100,3.62
128,Bilibino,RU,2022-07-28 23:43:50,68.0546,166.4372,57.76,43,21,11.32
129,Tuktoyaktuk,CA,2022-07-28 23:43:50,69.4541,-133.0374,44.6,87,100,12.66
130,Fort Nelson,CA,2022-07-28 23:43:51,58.8053,-122.7002,74.79,50,40,6.91
131,Lebu,CL,2022-07-28 23:43:51,-37.6167,-73.65,48.94,87,0,16.55
132,Torbay,CA,2022-07-28 23:43:52,47.6666,-52.7314,57.27,93,100,11.99
133,Buraydah,SA,2022-07-28 23:44:53,26.326,43.975,93.65,16,98,2.42
134,Katsuura,JP,2022-07-28 23:44:53,35.1333,140.3,83.62,78,64,9.91
135,Erzincan,TR,2022-07-28 23:44:54,39.75,39.5,61.9,55,0,2.3
136,Whitehorse,CA,2022-07-28 23:44:54,60.7161,-135.0538,62.82,56,75,2.3
137,Denison,US,2022-07-28 23:44:55,33.7557,-96.5367,101.89,34,20,9.22
138,Cidreira,BR,2022-07-28 23:44:55,-30.1811,-50.2056,55.53,94,100,21.0
139,Saskylakh,RU,2022-07-28 23:44:56,71.9167,114.0833,60.91,89,100,4.85
140,Coquimbo,CL,2022-07-28 23:44:56,-29.9533,-71.3436,55.13,94,0,4.61
141,Boyolangu,ID,2022-07-28 23:44:57,-8.1181,111.8935,73.38,90,100,2.19
142,Svirsk,RU,2022-07-28 23:44:57,53.0858,103.3325,60.71,76,47,3.62
143,Koraput,IN,2022-07-28 23:44:58,18.8167,82.7167,71.67,89,71,2.13
144,Egvekinot,RU,2022-07-28 23:44:59,66.3167,-179.1667,42.76,88,100,1.43
145,Vila Velha,BR,2022-07-28 23:44:59,-20.3297,-40.2925,73.35,82,0,8.05
146,Eureka,US,2022-07-28 23:41:06,40.8021,-124.1637,71.2,78,65,5.01
147,Iqaluit,CA,2022-07-28 23:45:01,63.7506,-68.5145,53.33,66,75,3.44
148,Hilo,US,2022-07-28 23:41:10,19.7297,-155.09,86.29,72,20,10.36
149,Zeya,RU,2022-07-28 23:45:02,53.75,127.2667,69.76,92,100,2.95
150,Tournon-Sur-Rhone,FR,2022-07-28 23:45:02,45.0667,4.8333,68.86,63,61,2.73
151,Mitsamiouli,KM,2022-07-28 23:45:03,-11.3847,43.2844,75.27,75,37,8.97
152,Longyearbyen,SJ,2022-07-28 23:41:50,78.2186,15.6401,42.64,81,75,6.91
153,Adrar,MR,2022-07-28 23:45:04,20.5022,-10.0711,96.12,10,42,6.73
154,Ostrovnoy,RU,2022-07-28 23:45:05,68.0531,39.5131,50.34,89,87,13.24
155,Contamana,PE,2022-07-28 23:45:05,-7.3333,-75.0167,80.96,59,57,3.27
156,Whitianga,NZ,2022-07-28 23:45:06,-36.8333,175.7,58.14,66,9,14.27
157,Castro,BR,2022-07-28 23:45:06,-24.7911,-50.0119,59.77,67,100,4.85
158,Srandakan,ID,2022-07-28 23:45:07,-7.9386,110.2506,75.02,87,88,5.86
159,Hovd,MN,2022-07-28 23:45:07,48.0056,91.6419,64.35,37,14,1.68
160,Georgetown,MY,2022-07-28 23:43:05,5.4112,100.3354,81.9,90,20,7.0
161,Hermanus,ZA,2022-07-28 23:45:08,-34.4187,19.2345,60.8,77,48,19.19
162,Abonnema,NG,2022-07-28 23:45:09,4.7084,6.7931,73.06,93,100,4.14
163,Puerto Escondido,MX,2022-07-28 23:44:07,15.85,-97.0667,85.03,65,40,9.22
164,Waingapu,ID,2022-07-28 23:45:09,-9.6567,120.2641,78.19,64,91,14.12
165,Balkhash,KZ,2022-07-28 23:45:10,46.844,74.9804,77.14,45,88,6.24
166,Straumen,NO,2022-07-28 23:45:10,63.8709,11.2999,48.2,80,89,2.89
167,Manggar,ID,2022-07-28 23:45:11,-2.8833,108.2667,80.69,82,95,15.17
168,Hamilton,US,2022-07-28 23:41:47,39.1834,-84.5333,84.79,60,0,8.05
169,Amapa,BR,2022-07-28 23:45:12,1.0,-52.0,72.07,96,95,1.79
170,Yar-Sale,RU,2022-07-28 23:45:12,66.8333,70.8333,62.44,66,83,7.81
171,Kirakira,SB,2022-07-28 23:44:46,-10.4544,161.9205,82.31,77,58,8.21
172,Nuqui,CO,2022-07-28 23:45:13,5.7125,-77.2708,76.93,86,93,2.95
173,Agadir,MA,2022-07-28 23:45:14,30.4202,-9.5982,70.25,79,0,6.06
174,San Policarpo,PH,2022-07-28 23:45:14,12.1791,125.5072,81.99,85,99,8.57
175,Padang,ID,2022-07-28 23:45:15,-0.9492,100.3543,73.45,85,100,4.74
176,Beira,MZ,2022-07-28 23:45:15,-19.8436,34.8389,66.51,65,32,3.78
177,Axim,GH,2022-07-28 23:45:16,4.8699,-2.2405,75.33,77,73,11.72
178,Berlevag,NO,2022-07-28 23:45:16,70.8578,29.0864,48.2,87,100,12.66
179,Husavik,IS,2022-07-28 23:45:17,66.0449,-17.3389,49.01,87,31,5.55
180,Abu Kamal,SY,2022-07-28 23:46:18,34.4506,40.9171,88.74,15,0,3.29
181,Kyshtovka,RU,2022-07-28 23:46:18,56.555,76.6271,58.44,94,51,10.6
182,Mbuji-Mayi,CD,2022-07-28 23:46:19,-6.15,23.6,75.76,32,94,2.01
183,Teya,RU,2022-07-28 23:46:20,60.3778,92.6267,61.43,77,52,2.95
184,Sao Filipe,CV,2022-07-28 23:46:20,14.8961,-24.4956,79.41,73,11,15.43
185,Nishihara,JP,2022-07-28 23:46:21,26.1842,127.7558,87.08,77,75,11.5
186,Port Lincoln,AU,2022-07-28 23:46:21,-34.7333,135.8667,54.66,83,100,13.8
187,Sainte-Marie,RE,2022-07-28 23:46:22,-20.8968,55.5496,67.41,77,20,10.36
188,Urumqi,CN,2022-07-28 23:46:23,43.801,87.6005,76.15,36,0,6.71
189,Bereda,ES,2022-07-28 23:46:24,43.2686,-7.5406,55.56,99,6,0.31
190,Tessalit,ML,2022-07-28 23:46:26,20.1986,1.0114,90.25,33,70,8.5
191,Carnarvon,AU,2022-07-28 23:46:27,-24.8667,113.6333,70.2,56,100,0.78
192,Sretensk,RU,2022-07-28 23:46:27,52.2453,117.7093,67.08,59,3,1.86
193,Klaksvik,FO,2022-07-28 23:46:28,62.2266,-6.589,52.72,91,89,15.1
194,Kruisfontein,ZA,2022-07-28 23:46:28,-34.0033,24.7314,59.52,55,0,10.22
195,Port Alfred,ZA,2022-07-28 23:46:28,-33.5906,26.891,67.17,60,0,1.01
196,Souillac,MU,2022-07-28 23:46:29,-20.5167,57.5167,66.58,88,40,8.05
197,Lulea,SE,2022-07-28 23:46:29,65.5842,22.1547,51.87,82,100,6.91
198,Montmagny,FR,2022-07-28 23:46:30,48.9734,2.3469,70.02,52,0,4.61
199,Semnan,IR,2022-07-28 23:46:30,35.5729,53.3971,82.24,54,75,2.3
200,Road Town,VG,2022-07-28 23:43:06,18.4167,-64.6167,82.49,74,40,9.22
201,Sikasso,ML,2022-07-28 23:46:31,10.9167,-7.0,74.73,88,85,5.88
202,Poltavka,RU,2022-07-28 23:46:32,54.3663,71.7632,62.69,97,100,11.65
203,Saint Anthony,US,2022-07-28 23:46:33,45.0205,-93.218,75.31,50,75,17.27
204,Nieuw Amsterdam,SR,2022-07-28 23:46:33,5.8833,-55.0833,78.82,85,40,2.3
205,Suzhou,CN,2022-07-28 23:43:26,31.3114,120.6181,85.3,72,3,11.86
206,Orel-Izumrud,RU,2022-07-28 23:46:34,43.4583,39.9244,66.22,93,0,7.0
207,Saint-Philippe,RE,2022-07-28 23:46:34,-21.3585,55.7679,65.79,84,24,8.95
208,Naze,JP,2022-07-28 23:46:35,28.3667,129.4833,81.52,84,50,14.52
209,Talara,PE,2022-07-28 23:46:35,-4.5772,-81.2719,66.96,82,0,12.66
210,Las Vegas,US,2022-07-28 23:46:34,36.175,-115.1372,101.64,28,0,8.05
211,Valparaiso,CL,2022-07-28 23:46:36,-33.0393,-71.6273,58.64,71,0,2.3
212,Abbeville,FR,2022-07-28 23:46:36,50.1,1.8333,61.5,66,48,4.79
213,Tahta,EG,2022-07-28 23:46:37,26.7693,31.5021,87.98,16,35,5.64
214,Jiquipilas,MX,2022-07-28 23:46:37,16.6667,-93.65,74.98,95,98,4.21
215,Ahuimanu,US,2022-07-28 23:46:38,21.4447,-157.8378,85.14,61,20,17.27
216,Fort Smith,US,2022-07-28 23:46:39,35.3859,-94.3986,99.18,37,0,5.75
217,Ayan,RU,2022-07-28 23:46:39,56.45,138.1667,60.13,88,73,9.82
218,Makinsk,KZ,2022-07-28 23:46:40,52.6292,70.4169,59.7,94,98,10.8
219,Provideniya,RU,2022-07-28 23:46:41,64.3833,-173.3,50.36,100,75,8.99
220,Kibre Mengist,ET,2022-07-28 23:46:41,5.8833,38.9833,56.73,89,100,1.07
221,Baruun-Urt,MN,2022-07-28 23:46:42,46.6806,113.2792,65.82,57,53,7.25
222,Najran,SA,2022-07-28 23:46:43,17.4924,44.1277,86.65,40,34,1.86
223,Nyimba,ZM,2022-07-28 23:46:43,-14.5566,30.8149,60.24,43,2,5.75
224,Kaitangata,NZ,2022-07-28 23:47:44,-46.2817,169.8464,45.68,82,75,9.53
225,Lavrentiya,RU,2022-07-28 23:47:45,65.5833,-171.0,45.88,86,98,4.9
226,Piacabucu,BR,2022-07-28 23:47:45,-10.4056,-36.4344,72.72,90,29,9.06
227,Rio Gallegos,AR,2022-07-28 23:47:46,-51.6226,-69.2181,41.05,81,0,27.63
228,Caravelas,BR,2022-07-28 23:47:47,-17.7125,-39.2481,69.49,82,2,7.11
229,Sesimbra,PT,2022-07-28 23:47:47,38.4445,-9.1015,69.28,82,1,13.53
230,Ahmadpur East,PK,2022-07-28 23:47:48,29.1431,71.2598,86.0,69,100,13.8
231,Camacha,PT,2022-07-28 23:46:21,33.0833,-16.3333,67.42,94,40,14.97
232,Ahipara,NZ,2022-07-28 23:47:48,-35.1667,173.1667,59.77,63,67,9.28
233,Barmer,IN,2022-07-28 23:47:49,25.75,71.3833,78.91,82,78,14.41
234,Westport,US,2022-07-28 23:46:12,41.1415,-73.3579,83.53,85,100,18.41
235,Manyana,BW,2022-07-28 23:47:50,-23.4,21.7167,58.08,30,75,9.89
236,Catamarca,AR,2022-07-28 23:47:50,-28.4696,-65.7852,55.78,61,14,1.99
237,Coffeyville,US,2022-07-28 23:47:51,37.0373,-95.6164,90.91,55,0,12.66
238,Southampton,GB,2022-07-28 23:47:51,50.904,-1.4043,61.95,68,34,6.04
239,Kozova,UA,2022-07-28 23:47:52,49.4354,25.1509,60.44,72,86,6.91
240,Valdivia,CL,2022-07-28 23:47:52,-39.8142,-73.2459,44.69,98,65,2.28
241,Sorland,NO,2022-07-28 23:47:53,67.667,12.6934,53.46,87,53,18.07
242,Svetlyy,RU,2022-07-28 23:47:53,54.675,20.1347,58.96,85,12,3.13
243,Micheweni,TZ,2022-07-28 23:47:54,-4.9667,39.8333,72.82,84,22,8.03
244,Honningsvag,NO,2022-07-28 23:46:20,70.9821,25.9704,47.95,81,100,6.91
245,Chatellerault,FR,2022-07-28 23:47:55,46.8,0.5333,68.72,49,100,5.46
246,Zambezi,ZM,2022-07-28 23:47:55,-13.5432,23.1047,53.55,50,39,5.12
247,Pontianak,ID,2022-07-28 23:43:21,-0.0333,109.3333,76.98,94,75,4.61
248,Grindavik,IS,2022-07-28 23:47:56,63.8424,-22.4338,46.87,93,100,12.66
249,Kibondo,TZ,2022-07-28 23:47:57,-3.5864,30.7203,68.22,55,91,3.6
250,Katangli,RU,2022-07-28 23:47:57,51.7102,143.2326,64.8,74,14,4.05
251,Kodiak,US,2022-07-28 23:46:22,57.79,-152.4072,63.91,45,0,8.05
252,Manoel Urbano,BR,2022-07-28 23:47:58,-8.8389,-69.2597,79.81,58,55,1.32
253,Hay River,CA,2022-07-28 23:47:59,60.8156,-115.7999,60.78,88,100,8.05
254,Jumla,NP,2022-07-28 23:47:59,29.2747,82.1838,62.44,98,100,0.65
255,Kauhajoki,FI,2022-07-28 23:48:00,62.4333,22.1833,53.58,97,71,4.27
256,Meulaboh,ID,2022-07-28 23:48:00,4.1363,96.1285,74.73,95,99,3.69
257,Vulcan,RO,2022-07-28 23:48:01,45.3833,23.2667,60.49,84,10,2.15
258,Deniliquin,AU,2022-07-28 23:48:01,-35.5333,144.9667,49.12,62,0,8.12
259,Codrington,AU,2022-07-28 23:48:02,-38.2667,141.9667,49.71,71,22,0.38
260,Lompoc,US,2022-07-28 23:48:02,34.6391,-120.4579,86.14,74,0,12.66
261,Mwanza,TZ,2022-07-28 23:48:03,-2.5167,32.9,73.26,65,71,0.22
262,La Ronge,CA,2022-07-28 23:48:03,55.1001,-105.2842,79.05,27,40,11.5
263,Tasiilaq,GL,2022-07-28 23:48:04,65.6145,-37.6368,41.16,95,100,4.09
264,Mount Gambier,AU,2022-07-28 23:48:04,-37.8333,140.7667,46.67,77,12,3.38
265,Tuatapere,NZ,2022-07-28 23:48:05,-46.1333,167.6833,45.61,82,91,2.57
266,Awjilah,LY,2022-07-28 23:45:57,29.1081,21.2869,84.87,39,0,15.9
267,Am Timan,TD,2022-07-28 23:48:06,11.0297,20.2827,69.85,95,89,4.41
268,Macon,US,2022-07-28 23:43:53,39.8667,-88.9668,82.45,69,0,8.05
269,Cayenne,GF,2022-07-28 23:48:07,4.9333,-52.3333,78.84,1,75,5.75
270,Ilulissat,GL,2022-07-28 23:48:08,69.2167,-51.1,55.42,44,40,9.22
271,Mahebourg,MU,2022-07-28 23:48:08,-20.4081,57.7,70.25,88,40,8.05
272,Selma,US,2022-07-28 23:49:09,36.5708,-119.6121,104.34,30,0,5.75
273,San Francisco,US,2022-07-28 23:46:52,37.7749,-122.4194,87.31,83,75,17.27
274,Koutiala,ML,2022-07-28 23:49:10,12.3917,-5.4642,78.31,78,100,10.2
275,Chumikan,RU,2022-07-28 23:49:10,54.7183,135.315,57.92,90,100,3.4
276,Mareeba,AU,2022-07-28 23:49:10,-17.0,145.4333,70.48,67,4,4.85
277,Khuzdar,PK,2022-07-28 23:49:11,27.7384,66.6434,74.52,83,100,4.5
278,Azuaga,ES,2022-07-28 23:49:11,38.2667,-5.6833,76.96,45,0,7.52
279,Morros,BR,2022-07-28 23:49:12,-9.4467,-46.3003,75.81,28,3,2.8
280,Porosozero,RU,2022-07-28 23:49:13,62.7191,32.727,52.72,96,84,2.57
281,Ilula,TZ,2022-07-28 23:49:14,-7.6766,36.0366,54.79,87,11,5.21
282,Merauke,ID,2022-07-28 23:49:14,-8.4667,140.3333,77.54,82,100,15.77
283,Pokosnoye,RU,2022-07-28 23:49:15,55.5258,101.0536,56.75,98,100,7.07
284,Ponta Delgada,PT,2022-07-28 23:49:15,37.7333,-25.6667,72.32,78,75,4.61
285,Umm Lajj,SA,2022-07-28 23:49:16,25.0213,37.2685,87.58,44,85,7.02
286,Victoria,HK,2022-07-28 23:47:25,22.2855,114.1577,88.97,82,93,1.01
287,Ribeira Grande,PT,2022-07-28 23:49:17,38.5167,-28.7,73.29,79,14,4.16
288,Acarau,BR,2022-07-28 23:49:17,-2.8856,-40.12,78.67,76,71,12.44
289,Tazovskiy,RU,2022-07-28 23:49:18,67.4667,78.7,53.26,93,39,6.11
290,Vila,PT,2022-07-28 23:49:18,42.0304,-8.1588,57.7,83,0,3.85
291,Cheney,US,2022-07-28 23:48:32,47.4874,-117.5758,102.79,21,20,5.75
292,High Level,CA,2022-07-28 23:45:05,58.5169,-117.136,80.71,54,40,8.05
293,Lasa,IT,2022-07-28 23:49:19,46.6166,10.7002,63.48,91,98,2.89
294,Hasaki,JP,2022-07-28 23:49:20,35.7333,140.8333,86.4,78,35,12.17
295,Paysandu,UY,2022-07-28 23:49:20,-32.3214,-58.0756,51.6,66,0,7.67
296,Erzin,TR,2022-07-28 23:49:21,36.9559,36.2,76.57,57,0,1.99
297,Saint-Pierre,RE,2022-07-28 23:49:21,-21.3393,55.4781,66.9,73,0,6.91
298,Cabra,ES,2022-07-28 23:49:22,37.4725,-4.4421,77.31,38,0,1.45
299,Kulachi,PK,2022-07-28 23:49:23,31.9286,70.4592,89.53,64,83,3.4
300,Bud,US,2022-07-28 23:49:23,39.447,-86.1758,84.18,73,86,4.27
301,Mondlo,ZA,2022-07-28 23:49:24,-27.983,30.7177,49.21,84,8,4.52
302,Orumiyeh,IR,2022-07-28 23:49:25,37.5527,45.0761,69.35,64,20,2.3
303,Gospic,HR,2022-07-28 23:49:25,44.5461,15.3747,65.89,70,10,3.49
304,Peterhead,GB,2022-07-28 23:49:26,57.5058,-1.7981,57.6,93,61,11.18
305,Gamba,GA,2022-07-28 23:49:26,-2.65,10.0,69.3,91,95,3.11
306,Verkh-Usugli,RU,2022-07-28 23:49:27,52.7,115.1667,54.63,83,42,2.24
307,Pahrump,US,2022-07-28 23:45:01,36.2083,-115.9839,102.25,23,2,5.01
308,Belmonte,BR,2022-07-28 23:49:28,-15.8631,-38.8828,70.59,81,0,6.35
309,San Lawrenz,MT,2022-07-28 23:49:28,36.0553,14.204,80.85,91,0,7.16
310,Ontario,US,2022-07-28 23:49:29,34.0633,-117.6509,103.87,30,40,14.97
311,Isangel,VU,2022-07-28 23:44:54,-19.55,169.2667,75.38,87,100,11.95
312,Marawi,PH,2022-07-28 23:49:30,7.9986,124.2928,75.15,80,100,2.68
313,Soto La Marina,MX,2022-07-28 23:49:30,23.7667,-98.2167,90.77,53,44,17.65
314,Belaya Gora,RU,2022-07-28 23:49:31,68.5333,146.4167,59.94,38,89,12.88
315,Beringovskiy,RU,2022-07-28 23:49:32,63.05,179.3167,49.44,77,100,11.72
316,Shimoda,JP,2022-07-28 23:49:32,34.6667,138.95,89.1,74,45,4.27
317,San Jose,US,2022-07-28 23:49:33,37.3394,-121.895,89.26,55,40,13.8
318,Matamoros,MX,2022-07-28 23:49:34,25.5333,-103.25,89.71,37,75,9.22
319,Faya,SA,2022-07-28 23:49:34,18.3851,42.4509,69.91,46,99,4.59
320,Armilla,ES,2022-07-28 23:50:35,37.141,-3.6185,79.14,38,0,4.0
321,Narsaq,GL,2022-07-28 23:50:35,60.9167,-46.05,45.32,72,16,2.62
322,Yenagoa,NG,2022-07-28 23:50:35,4.9247,6.2642,72.73,95,100,4.0
323,Mahajanga,MG,2022-07-28 23:50:36,-15.7167,46.3167,75.22,57,40,4.61
324,Amasya,TR,2022-07-28 23:50:37,40.6667,35.8333,60.48,85,0,2.93
325,Bengkulu,ID,2022-07-28 23:50:37,-3.8004,102.2655,76.15,85,100,3.58
326,Aksarka,RU,2022-07-28 23:50:38,66.5606,67.7975,61.48,67,75,7.07
327,Omaruru,NA,2022-07-28 23:50:38,-21.4333,15.9333,52.41,44,12,1.68
328,Nuuk,GL,2022-07-28 23:50:39,64.1835,-51.7216,43.88,81,72,3.0
329,Bayburt,TR,2022-07-28 23:50:40,40.2589,40.2278,54.09,78,0,0.36
330,High Prairie,CA,2022-07-28 23:50:40,55.4334,-116.4858,91.47,23,0,8.52
331,Nome,US,2022-07-28 23:50:41,64.5011,-165.4064,57.16,71,0,9.22
332,Tondano,ID,2022-07-28 23:50:41,1.3038,124.9112,73.49,88,82,4.43
333,Baykit,RU,2022-07-28 23:50:42,61.67,96.37,64.81,95,100,4.83
334,Guangyuan,CN,2022-07-28 23:50:42,32.442,105.823,78.89,83,0,1.54
335,Bukachacha,RU,2022-07-28 23:50:43,52.9833,116.9167,62.02,66,8,3.89
336,Gondar,ET,2022-07-28 23:50:43,12.6,37.4667,57.09,93,100,2.82
337,Kalmunai,LK,2022-07-28 23:50:44,7.4167,81.8167,76.32,92,100,5.3
338,Sur,OM,2022-07-28 23:50:44,22.5667,59.5289,80.89,74,98,15.1
339,Luwuk,ID,2022-07-28 23:50:45,-0.9516,122.7875,75.22,97,98,3.31
340,San Cristobal,VE,2022-07-28 23:50:46,7.7669,-72.225,69.98,98,88,1.79
341,Pervoavgustovskiy,RU,2022-07-28 23:50:46,52.2264,35.0552,55.65,88,21,6.85
342,Mangrol,IN,2022-07-28 23:50:47,21.1167,70.1167,80.33,81,97,7.52
343,Gunjur,GM,2022-07-28 23:50:47,13.2019,-16.7339,77.07,94,75,5.75
344,Alofi,NU,2022-07-28 23:50:39,-19.0595,-169.9187,78.69,78,75,17.27
345,Karratha,AU,2022-07-28 23:50:48,-20.7377,116.8463,69.22,48,2,9.53
346,Yeppoon,AU,2022-07-28 23:50:49,-23.1333,150.7333,60.58,65,49,5.64
347,Mount Isa,AU,2022-07-28 23:50:49,-20.7333,139.5,64.17,24,1,17.27
348,Abnub,EG,2022-07-28 23:50:49,27.2696,31.1511,86.22,17,20,5.91
349,Fonte Boa,BR,2022-07-28 23:50:50,-2.4959,-66.2662,77.94,73,75,1.95
350,Half Moon Bay,US,2022-07-28 23:46:41,37.4636,-122.4286,80.91,77,100,17.27
351,Jaicos,BR,2022-07-28 23:50:51,-7.3592,-41.1378,76.03,41,0,5.39
352,Itoman,JP,2022-07-28 23:50:51,26.1247,127.6694,87.82,76,40,11.5
353,Sebrovo,RU,2022-07-28 23:50:52,50.0981,43.2976,73.76,58,68,1.59
354,Liling,CN,2022-07-28 23:50:53,27.6667,113.5,80.55,81,74,4.18
355,Orocue,CO,2022-07-28 23:50:53,4.7912,-71.3354,70.97,96,100,4.88
356,Kashi,CN,2022-07-28 23:50:54,39.4547,75.9797,87.01,16,40,8.95
357,Flagstaff,US,2022-07-28 23:50:54,35.1981,-111.6513,67.32,80,75,18.41
358,Hambantota,LK,2022-07-28 23:50:55,6.1241,81.1185,78.08,85,100,5.82
359,Santa Barbara,US,2022-07-28 23:50:55,34.7333,-120.0343,79.36,42,0,12.66
360,Elko,US,2022-07-28 23:50:57,41.0002,-115.5012,95.05,14,11,5.99
361,Sulya,IN,2022-07-28 23:50:58,12.5667,75.3833,75.78,98,88,1.41
362,Arona,ES,2022-07-28 23:50:59,28.0996,-16.681,69.69,82,0,20.71
363,Comodoro Rivadavia,AR,2022-07-28 23:47:31,-45.8667,-67.5,51.66,43,0,23.02
364,Buala,SB,2022-07-28 23:51:00,-8.145,159.5921,84.02,70,60,10.56
365,Verkhnyaya Inta,RU,2022-07-28 23:51:01,65.9811,60.3094,59.36,62,47,7.78
366,Mikhaylovka,RU,2022-07-28 23:51:01,50.06,43.2379,73.71,65,70,0.67
367,Deer Lake,CA,2022-07-28 23:52:02,49.1667,-57.4316,57.06,88,75,11.5
368,Ancud,CL,2022-07-28 23:49:38,-41.8697,-73.8203,45.23,78,100,4.27
369,Port Blair,IN,2022-07-28 23:52:03,11.6667,92.75,78.84,94,40,2.3
370,Bontang,ID,2022-07-28 23:52:04,0.1333,117.5,77.83,87,75,4.83
371,Mount Pleasant,US,2022-07-28 23:52:04,32.7941,-79.8626,88.12,80,0,14.97
372,Asau,RO,2022-07-28 23:52:05,46.4333,26.4,67.28,83,100,3.13
373,Suntar,RU,2022-07-28 23:52:06,62.1444,117.6319,79.0,59,16,5.88
374,Olinda,BR,2022-07-28 23:52:07,-8.0089,-34.8553,76.73,78,40,5.75
375,Saintes,FR,2022-07-28 23:52:08,45.6667,-0.75,65.95,86,100,6.04
376,Jalingo,NG,2022-07-28 23:52:08,8.8833,11.3667,72.68,93,97,5.5
377,Alice Springs,AU,2022-07-28 23:50:11,-23.7,133.8833,44.15,45,25,0.0
378,Kharitonovo,RU,2022-07-28 23:52:09,61.4009,47.4978,58.51,81,7,4.83
379,Brae,GB,2022-07-28 23:52:10,60.3964,-1.353,53.28,84,100,7.74
380,Lashio,MM,2022-07-28 23:52:10,22.9333,97.75,69.1,98,85,0.22
381,Chuy,UY,2022-07-28 23:52:11,-33.6971,-53.4616,48.11,78,83,14.67
382,Vytegra,RU,2022-07-28 23:52:11,61.0064,36.4481,55.9,94,100,5.21
383,Setubal,PT,2022-07-28 23:52:12,38.5244,-8.8882,69.51,82,0,12.39
384,Watertown,US,2022-07-28 23:52:03,42.3709,-71.1828,83.12,73,75,16.11
385,Kieta,PG,2022-07-28 23:52:13,-6.2167,155.6333,81.57,77,55,3.27
386,Rundu,NA,2022-07-28 23:52:14,-17.9333,19.7667,55.27,35,28,5.26
387,Osoyoos,CA,2022-07-28 23:52:14,49.0331,-119.4524,106.21,16,43,2.3
388,Grand Gaube,MU,2022-07-28 23:52:15,-20.0064,57.6608,70.38,72,1,5.01
389,Zwedru,LR,2022-07-28 23:52:16,6.0667,-8.1281,66.85,93,29,3.31
390,Lunenburg,CA,2022-07-28 23:52:16,44.3835,-64.3155,66.25,63,68,14.97
391,Nhulunbuy,AU,2022-07-28 23:52:17,-12.2333,136.7667,79.41,65,20,18.41
392,Lufilufi,WS,2022-07-28 23:52:17,-13.8745,-171.5986,87.58,79,29,17.4
393,Balkanabat,TM,2022-07-28 23:52:18,39.5108,54.3671,83.21,48,1,5.37
394,Tra Vinh,VN,2022-07-28 23:48:39,9.9347,106.3453,79.03,88,32,4.21
395,Huarmey,PE,2022-07-28 23:52:18,-10.0681,-78.1522,62.47,84,44,11.18
396,Pertuis,FR,2022-07-28 23:52:19,43.6925,5.5028,72.75,52,24,1.72
397,Siderno,IT,2022-07-28 23:52:20,38.2779,16.302,77.34,66,0,9.46
398,Mahibadhoo,MV,2022-07-28 23:52:20,3.7833,72.9667,81.95,76,61,14.32
399,Maceio,BR,2022-07-28 23:52:21,-9.6658,-35.7353,76.44,88,75,2.3
400,Kayanga,TZ,2022-07-28 23:52:21,-1.5303,31.1511,61.3,62,75,1.88
401,Newport,GB,2022-07-28 23:48:50,51.5877,-2.9984,63.45,77,72,3.78
402,Upington,ZA,2022-07-28 23:52:22,-28.4478,21.2561,44.98,61,0,4.61
403,Verkhoyansk,RU,2022-07-28 23:52:22,67.5447,133.385,82.4,38,63,1.28
404,Klyuchevskiy,RU,2022-07-28 23:52:23,53.5317,119.4519,60.12,80,2,4.79
405,Carutapera,BR,2022-07-28 23:52:23,-1.195,-46.02,75.85,89,19,6.26
406,Suba,PH,2022-07-28 23:52:24,10.8438,121.0102,82.69,81,100,10.16
407,Antalaha,MG,2022-07-28 23:53:25,-14.9003,50.2788,68.4,81,44,6.33
408,Cabadiangan,PH,2022-07-28 23:53:25,9.7531,122.4739,81.99,83,100,7.65
409,Sao Joao Do Piaui,BR,2022-07-28 23:53:26,-8.3581,-42.2467,75.78,42,0,5.1
410,Necochea,AR,2022-07-28 23:53:26,-38.5473,-58.7368,48.13,74,98,16.11
411,Kaeo,NZ,2022-07-28 23:53:08,-35.1,173.7833,65.32,75,25,8.61
412,Dubbo,AU,2022-07-28 23:50:36,-32.25,148.6167,50.13,81,39,4.61
413,Ilinskiy,RU,2022-07-28 23:53:27,55.619,38.1182,63.37,88,40,4.47
414,Swift Current,CA,2022-07-28 23:53:28,50.2834,-107.8014,79.61,34,20,3.44
415,Bridlington,GB,2022-07-28 23:53:28,54.0831,-0.1919,60.89,84,100,11.95
416,Port Hedland,AU,2022-07-28 23:53:17,-20.3167,118.5667,64.45,36,0,9.22
417,Kushima,JP,2022-07-28 23:53:29,31.4583,131.2333,80.87,91,58,11.68
418,Katima Mulilo,NA,2022-07-28 23:53:30,-17.5,24.2667,55.96,51,5,5.99
419,Inhambane,MZ,2022-07-28 23:53:30,-23.865,35.3833,62.29,78,0,2.86
420,Hayden,US,2022-07-28 23:53:25,47.766,-116.7866,101.48,25,0,6.91
421,Tual,ID,2022-07-28 23:53:31,-5.6667,132.75,78.42,87,78,21.3
422,Ballina,AU,2022-07-28 23:50:19,-28.8667,153.5667,61.02,76,1,5.19
423,General Roca,AR,2022-07-28 23:53:32,-39.0333,-67.5833,51.89,48,1,11.36
424,Cockburn Town,TC,2022-07-28 23:49:39,21.4612,-71.1419,82.36,69,40,11.5
425,Valverde Del Camino,ES,2022-07-28 23:53:32,37.5751,-6.7543,78.03,49,0,8.28
426,Ekhabi,RU,2022-07-28 23:53:33,53.5102,142.9671,66.58,71,6,5.64
427,Anarrakhi,GR,2022-07-28 23:53:33,40.4833,21.5667,65.62,67,25,1.1
428,Nauta,PE,2022-07-28 23:53:34,-4.5061,-73.5757,76.91,80,94,2.53
429,Maniitsoq,GL,2022-07-28 23:53:34,65.4167,-52.9,41.58,86,97,4.5
430,Broken Hill,AU,2022-07-28 23:53:35,-31.95,141.4333,50.5,42,100,8.1
431,Huainan,CN,2022-07-28 23:53:35,32.6264,116.9969,79.47,80,78,3.53
432,Port Hardy,CA,2022-07-28 23:53:36,50.6996,-127.4199,73.58,64,0,9.22
433,Santa Rosa,PH,2022-07-28 23:49:00,14.3122,121.1114,81.1,89,95,7.18
434,Frolovo,RU,2022-07-28 23:53:37,49.7713,43.6622,72.86,60,37,0.72
435,Katherine,AU,2022-07-28 23:53:37,-14.4667,132.2667,66.52,77,20,11.5
436,Ishigaki,JP,2022-07-28 23:53:38,24.3448,124.1572,82.53,94,75,6.91
437,Tibati,CM,2022-07-28 23:53:38,6.4667,12.6333,65.46,99,100,2.33
438,Osmena,PH,2022-07-28 23:53:39,10.5208,119.9258,83.21,78,100,5.03
439,Maneromango,TZ,2022-07-28 23:53:39,-7.1988,38.7848,64.67,97,55,3.83
440,Port Augusta,AU,2022-07-28 23:53:40,-32.5,137.7667,54.79,45,82,3.78
441,Leningradskiy,RU,2022-07-28 23:53:41,69.3833,178.4167,43.27,73,80,9.37
442,Sachica,CO,2022-07-28 23:53:41,5.5845,-73.5418,57.07,94,90,2.93
443,Ketchikan,US,2022-07-28 23:53:42,55.3422,-131.6461,74.34,62,29,8.28
444,Bata,GQ,2022-07-28 23:53:42,1.8639,9.7658,74.71,88,89,9.64
445,Port Moresby,PG,2022-07-28 23:53:43,-9.4431,147.1797,81.82,74,20,11.5
446,Macapa,BR,2022-07-28 23:50:02,0.0389,-51.0664,80.58,83,75,3.44
447,Saint Stephen,GB,2022-07-28 23:53:43,50.3333,-4.9,61.07,82,57,5.75
448,Luganville,VU,2022-07-28 23:53:44,-15.5333,167.1667,78.33,86,99,3.18
449,Maridi,SS,2022-07-28 23:53:44,4.9158,29.4742,64.76,97,93,1.16
450,Nara,JP,2022-07-28 23:53:45,34.6851,135.8049,89.49,46,20,5.57
451,Laguna,US,2022-07-28 23:53:45,38.421,-121.4238,104.31,36,0,11.5
452,Ayorou,NE,2022-07-28 23:53:46,14.7308,0.9174,80.4,67,99,16.46
453,Morondava,MG,2022-07-28 23:53:47,-20.2833,44.2833,68.79,71,1,5.03
454,Riohacha,CO,2022-07-28 23:53:47,11.5444,-72.9072,78.71,82,92,4.23
455,Boca Del Monte,MX,2022-07-28 23:53:48,19.15,-96.8167,71.53,95,96,2.57
456,Hami,CN,2022-07-28 23:54:49,42.8,93.45,87.33,13,94,10.76
457,Broome,US,2022-07-28 23:52:56,42.2506,-75.833,77.77,68,75,6.91
458,North Platte,US,2022-07-28 23:50:30,41.1239,-100.7654,78.69,51,40,4.61
459,Illapel,CL,2022-07-28 23:54:50,-31.6308,-71.1653,57.24,63,0,2.15
460,Kilindoni,TZ,2022-07-28 23:54:51,-7.9139,39.6668,74.32,83,28,14.07
461,Hvolsvollur,IS,2022-07-28 23:54:52,63.7533,-20.2243,45.19,89,97,2.59
462,Shihezi,CN,2022-07-28 23:54:52,44.3,86.0333,81.14,34,96,7.05
463,Bridgeton,US,2022-07-28 23:54:53,39.4273,-75.2341,85.98,91,86,11.68
464,Nokaneng,BW,2022-07-28 23:54:53,-19.6667,22.2667,56.48,41,0,6.85
465,Bardiyah,LY,2022-07-28 23:54:54,31.7561,25.0865,77.16,82,0,9.6
466,Mecca,SA,2022-07-28 23:54:54,21.4267,39.8261,90.0,30,86,3.31
467,Denpasar,ID,2022-07-28 23:51:19,-8.65,115.2167,74.86,88,75,6.91
468,Naliya,IN,2022-07-28 23:54:55,23.2667,68.8333,81.41,73,74,13.73
469,Biloxi,US,2022-07-28 23:54:56,30.396,-88.8853,86.04,66,0,9.22
470,Waiuku,NZ,2022-07-28 23:54:56,-37.25,174.75,61.66,67,47,11.7
471,Innisfail,AU,2022-07-28 23:54:57,-17.5333,146.0333,68.86,59,25,9.73
472,Takoradi,GH,2022-07-28 23:54:21,4.8845,-1.7554,75.36,79,83,12.15
473,Phangnga,TH,2022-07-28 23:54:57,8.4509,98.5298,77.04,93,52,1.45
474,Grafton,US,2022-07-28 23:54:58,42.207,-71.6856,81.09,78,49,1.01
475,Arawa,PG,2022-07-28 23:54:58,-6.2132,155.5367,82.44,78,58,3.78
476,Samarai,PG,2022-07-28 23:54:59,-10.6167,150.6667,79.11,85,81,13.53
477,San Quintin,MX,2022-07-28 23:54:59,30.4833,-115.95,72.37,70,19,11.41
478,Oksfjord,NO,2022-07-28 23:55:00,70.2396,22.3479,50.18,85,49,3.51
479,Zinder,NE,2022-07-28 23:55:00,13.8072,8.9881,77.04,64,93,4.21
480,Hirara,JP,2022-07-28 23:55:01,24.8,125.2833,85.86,84,20,6.91
481,Dafeng,CN,2022-07-28 23:55:01,23.4517,108.5881,81.84,73,100,1.21
482,Vostok,RU,2022-07-28 23:55:02,46.4856,135.8833,79.27,66,100,1.48
483,Lamar,US,2022-07-28 23:55:02,33.6668,-95.5836,104.99,32,40,9.22
484,Antofagasta,CL,2022-07-28 23:55:03,-23.65,-70.4,56.48,85,62,7.0
485,Bambari,CF,2022-07-28 23:55:03,5.768,20.6757,68.22,97,100,3.02
486,Chubbuck,US,2022-07-28 23:55:04,42.9208,-112.4661,101.14,14,34,8.01
487,Pandan,PH,2022-07-28 23:55:04,14.0453,124.1694,84.4,74,100,9.37
488,Aykhal,RU,2022-07-28 23:52:50,66.0,111.5,75.54,49,17,8.95
489,Santo Antonio De Posse,BR,2022-07-28 23:55:05,-22.6061,-46.9194,73.42,48,43,3.78
490,Khash,IR,2022-07-28 23:55:06,28.2211,61.2158,74.77,68,100,5.06
491,Paita,PE,2022-07-28 23:55:06,-5.0892,-81.1144,65.05,79,9,16.53
492,Ivanovka,KG,2022-07-28 23:55:07,42.8878,75.085,70.14,55,31,1.63
493,Krasnoselkup,RU,2022-07-28 23:53:36,65.7,82.4667,56.53,74,0,8.99
494,Bodden Town,KY,2022-07-28 23:55:07,19.2833,-81.25,84.99,72,40,5.99
495,Vestmannaeyjar,IS,2022-07-28 23:55:08,63.4427,-20.2734,49.91,71,98,5.3
496,Norden,DE,2022-07-28 23:55:09,53.6,7.2,58.96,76,100,12.5
497,Rafai,CF,2022-07-28 23:55:09,4.95,23.9167,67.26,99,100,1.61
498,Paramirim,BR,2022-07-28 23:55:10,-13.4425,-42.2389,66.58,67,6,4.79
499,Kahului,US,2022-07-28 23:52:43,20.8947,-156.47,89.62,45,20,21.85
500,Valparai,IN,2022-07-28 23:55:10,10.3667,76.9667,63.55,91,100,2.42
501,Yelizovo,RU,2022-07-28 23:55:11,53.1873,158.3805,68.14,64,75,4.47
502,Natal,BR,2022-07-28 23:56:11,-5.795,-35.2094,77.22,88,0,5.75
503,Ouesso,CG,2022-07-28 23:56:12,1.6136,16.0517,71.74,86,100,2.19
504,Zavolzhsk,RU,2022-07-28 23:56:12,57.4823,42.1378,61.63,97,16,4.83
505,Goma,CD,2022-07-28 23:56:13,-1.6792,29.2228,63.68,84,83,1.12
506,Susangerd,IR,2022-07-28 23:56:13,31.5608,48.1831,91.4,54,32,11.59
507,Umm Bab,QA,2022-07-28 23:56:14,25.2142,50.8072,88.57,71,87,8.01
508,Wankaner,IN,2022-07-28 23:56:14,22.6167,70.9333,78.55,86,95,8.68
509,Namibe,AO,2022-07-28 23:56:15,-15.1961,12.1522,60.33,85,50,7.11
510,Tiznit,MA,2022-07-28 23:56:16,29.5833,-9.5,71.8,58,0,1.01
511,Portland,US,2022-07-28 23:52:08,45.5234,-122.6762,101.48,42,20,7.0
512,Borba,BR,2022-07-28 23:56:16,-4.3878,-59.5939,81.34,45,12,0.74
513,Freeport,US,2022-07-28 23:54:16,40.6576,-73.5832,85.46,68,74,3.0
514,Salalah,OM,2022-07-28 23:52:07,17.0151,54.0924,74.46,92,97,7.87
515,Yatsushiro,JP,2022-07-28 23:56:17,32.5,130.6,86.4,69,21,5.77
516,Guerrero Negro,MX,2022-07-28 23:52:30,27.9769,-114.0611,75.13,64,24,15.93
517,Galesong,ID,2022-07-28 23:56:18,-5.3166,119.3661,75.22,74,39,5.91
518,Bubaque,GW,2022-07-28 23:51:42,11.2833,-15.8333,79.56,82,35,14.67
519,Oranjemund,NA,2022-07-28 23:56:19,-28.55,16.4333,56.66,72,79,9.37
520,Dingle,PH,2022-07-28 23:53:14,10.9995,122.6711,82.38,82,99,9.35
521,Kamareddi,IN,2022-07-28 23:56:20,18.3167,78.35,76.17,83,83,1.97
522,Oyama,JP,2022-07-28 23:56:20,36.3,139.8,84.58,61,29,2.64
523,Teguldet,RU,2022-07-28 23:56:21,57.3064,88.1667,61.39,83,57,2.39
524,Rio Grande,BR,2022-07-28 23:56:21,-32.035,-52.0986,53.71,84,100,19.91
525,Mehamn,NO,2022-07-28 23:56:22,71.0357,27.8492,48.15,81,100,5.75
526,Platteville,US,2022-07-28 23:54:09,42.7342,-90.4785,75.15,56,40,8.05
527,Davila,PH,2022-07-28 23:56:23,18.4726,120.5763,78.78,75,74,3.31
528,Owerri,NG,2022-07-28 23:56:23,5.4833,7.0304,71.73,98,100,3.62
529,Plettenberg Bay,ZA,2022-07-28 23:56:24,-34.0527,23.3716,60.78,46,0,8.05
530,Honiara,SB,2022-07-28 23:56:25,-9.4333,159.95,86.67,60,41,6.49
531,Neyshabur,IR,2022-07-28 23:56:26,36.2133,58.7958,78.69,32,2,1.72
532,Constitucion,CL,2022-07-28 23:55:57,-35.3333,-72.4167,51.21,72,0,8.61
533,Conceicao Do Araguaia,BR,2022-07-28 23:56:27,-8.2578,-49.2647,78.48,32,3,2.84
534,Pallipattu,IN,2022-07-28 23:56:27,13.3386,79.4449,78.58,84,73,1.59
535,Key West,US,2022-07-28 23:55:26,24.5557,-81.7826,84.99,77,0,18.9
536,Fond Du Lac,US,2022-07-28 23:51:47,43.775,-88.4388,75.29,43,40,10.36
537,Sao Jose Da Coroa Grande,BR,2022-07-28 23:56:29,-8.8978,-35.1478,74.23,86,12,3.42
538,Matadi,CD,2022-07-28 23:56:29,-5.8167,13.45,69.53,84,52,4.34
539,Adre,TD,2022-07-28 23:56:29,13.4667,22.2,74.89,78,95,8.55
540,Jinchang,CN,2022-07-28 23:56:30,38.4953,102.1739,76.57,24,32,5.99
541,Pachino,IT,2022-07-28 23:56:30,36.7186,15.0907,80.08,77,0,5.44
542,Tabou,CI,2022-07-28 23:55:48,4.423,-7.3528,74.3,76,76,9.06
543,Gweta,BW,2022-07-28 23:56:31,-20.1833,25.2333,56.75,34,0,12.17
544,Hurghada,EG,2022-07-28 23:56:32,27.2574,33.8129,84.24,58,0,4.61
545,Boffa,GN,2022-07-28 23:56:32,10.1667,-14.0333,76.5,93,28,8.5
546,Shaki,AZ,2022-07-28 23:56:32,41.0833,47.1667,73.45,73,43,5.21
547,Walvis Bay,NA,2022-07-28 23:56:33,-22.9575,14.5053,50.09,87,1,3.44
548,Abu Zabad,SD,2022-07-28 23:57:34,12.35,29.25,73.09,88,82,10.76
549,Guarapari,BR,2022-07-28 23:57:34,-20.6667,-40.4975,70.9,81,19,14.0
550,Alvaraes,BR,2022-07-28 23:57:35,-3.2208,-64.8042,78.06,62,16,1.28
551,Ravar,IR,2022-07-28 23:57:35,31.2656,56.8055,85.39,47,100,4.7
552,Popondetta,PG,2022-07-28 23:57:36,-8.7537,148.2534,85.66,62,54,2.06
553,Genhe,CN,2022-07-28 23:57:37,50.7833,121.5167,67.98,77,70,2.01
554,Phalombe,MW,2022-07-28 23:57:37,-15.8064,35.6507,53.49,90,5,3.56
555,Andros Town,BS,2022-07-28 23:53:09,24.7,-77.7667,85.96,73,3,17.87
556,Nantucket,US,2022-07-28 23:56:25,41.2835,-70.0995,78.91,93,75,13.8
557,Hohhot,CN,2022-07-28 23:57:39,40.8106,111.6522,66.49,63,75,8.95
558,Kununurra,AU,2022-07-28 23:55:32,-15.7667,128.7333,67.98,40,11,0.0
559,Tygda,RU,2022-07-28 23:57:39,53.1167,126.3333,68.67,91,100,4.63
560,Tarauaca,BR,2022-07-28 23:57:40,-8.1614,-70.7656,77.92,69,81,0.58
561,Strai,NO,2022-07-28 23:57:40,58.2,7.9,50.11,91,5,4.61
562,Takestan,IR,2022-07-28 23:57:41,36.0696,49.6959,71.73,82,44,11.99
563,Asosa,ET,2022-07-28 23:57:41,10.0667,34.5333,60.87,79,100,1.74
